{
    "mean": [
        4131.784753363228,
        0.014428886651820658,
        1331.2994627226044,
        145617.02480331273,
        286.93298257683426,
        30.94627985723441
    ],
    "std": [
        5694.615094520885,
        0.003315830441239387,
        472.87633993832367,
        282038.96596041287,
        52.93810230164409,
        20.91092787452636
    ]
}